<?xml version="1.0" encoding="UTF-8"?>
<xml>
  <sentence id="1">This will be sentence one of witness two.</sentence>
  <sentence id="2">This will be sentence two of witness two.</sentence>
  <sentence id="3">This will be sentence three of witness two.</sentence>
  <sentence id="4">This will be sentence four of witness two.</sentence>
  <sentence id="5">This will be sentence five of witness two.</sentence>
  <sentence id="6">This will be sentence six of witness two.</sentence>
  <sentence id="7">This will be sentence seven of witness two.</sentence>
</xml>
