<?xml version="1.0" encoding="UTF-8"?>
<xml>
  <sentence id="1">This is sentence one of witness one.</sentence>
  <sentence id="2">This is sentence two of witness one.</sentence>
  <sentence id="3">This is sentence three of witness one.</sentence>
  <sentence id="4">This is sentence four of witness one.</sentence>
  <sentence id="5">This is sentence five of witness one.</sentence>
  <sentence id="6">This is sentence six of witness one.</sentence>
  <sentence id="7">This is sentence seven of witness one.</sentence>
</xml>
